,Name,Rating,Specials,Delivery time,Cost,Coupons
0,Huber And Holly,5.0,"Ice Cream, Desserts",61 MINS,₹200 FOR TWO,50% off | Use WELCOME50
1,Apna Food Court,5.0,"Chinese, Continental",45 MINS,₹450 FOR TWO,50% off | Use WELCOME50
2,abCoffee,5.0,"Beverages, Bakery",41 MINS,₹200 FOR TWO,50% off | Use WELCOME50
3,OG Juices - Cold Pressed Juices,4.9,Juices,63 MINS,₹200 FOR TWO,50% off | Use WELCOME50
4,Spicy Mango,4.9,"South Indian, Sri Lankan, Asian",63 MINS,₹400 FOR TWO,50% off | Use WELCOME50
5,KO Fried Chicken,4.9,"Fast Food, Snacks, Burgers",57 MINS,₹200 FOR TWO,60% off | Use TRYNEW
6,london dairy,4.9,"Desserts, Ice Cream",51 MINS,₹280 FOR TWO,50% off | Use WELCOME50
7,STACK IT,4.9,"American, Snacks, Beverages",51 MINS,₹400 FOR TWO,50% off | Use WELCOME50
8,ALCAZAR,4.9,"Pizzas, Burgers, Cafe, Pastas",47 MINS,₹500 FOR TWO,50% off | Use WELCOME50
9,SWEET COUNTY CAKE SHOP,4.9,Bakery,40 MINS,₹500 FOR TWO,50% off | Use WELCOME50
10,Chitale Xpress,4.8,"Sweets, Snacks",52 MINS,₹350 FOR TWO,50% off | Use WELCOME50
11,Momo Cafe - Courtyard by Marriott,4.8,"Indian, Asian",58 MINS,₹900 FOR TWO,60% off | Use TRYNEW
12,Ice Cream Works,4.8,"Ice Cream, Desserts",56 MINS,₹300 FOR TWO,50% off | Use WELCOME50
13,Bakingo,4.8,"Bakery, Desserts, Beverages, Snacks",48 MINS,₹299 FOR TWO,50% off | Use WELCOME50
14,THE BETEL LEAF CO - Originally from Bangalore,4.8,"Paan, Desserts, Indian",53 MINS,₹200 FOR TWO,50% off | Use WELCOME50
15,ORRA PIZZERIA,4.8,"Fast Food, Chinese",51 MINS,₹150 FOR TWO,50% off | Use WELCOME50
16,Cheesecakes By CakeZone,4.8,"Desserts, Bakery",45 MINS,₹200 FOR TWO,50% off | Use WELCOME50
17,Opa! Bar & Cafe,4.8,"Middle Eastern, Mediterranean, Turkish, Lebanese, Arabian, Salads, Kebabs",52 MINS,₹700 FOR TWO,50% off | Use WELCOME50
18,Buddha Belly,4.8,Chinese,42 MINS,₹300 FOR TWO,50% off | Use WELCOME50
19,kosten patisseries,4.8,"Bakery, Desserts",46 MINS,₹200 FOR TWO,50% off | Use WELCOME50
20,The Quick Bites,4.8,"Fast Food, Italian",45 MINS,₹200 FOR TWO,50% off | Use WELCOME50
21,Rollz Karvaan,4.8,"Snacks, Fast Food, North Indian, Street Food, Desserts, Indian",49 MINS,₹300 FOR TWO,50% off | Use WELCOME50
22,Curry Crust Pizzeria,4.8,"Italian, Pizzas, Fast Food, Desserts",42 MINS,₹500 FOR TWO,50% off | Use WELCOME50
23,Moussestruck,4.8,"Ice Cream, Desserts, Sweets",39 MINS,₹150 FOR TWO,50% off | Use WELCOME50
24,Pablo's,4.8,"Beverages, Indian",50 MINS,₹400 FOR TWO,50% off | Use WELCOME50
25,Viva Pasta!,4.8,"Italian, Pastas, Continental, Bakery, Beverages",42 MINS,₹400 FOR TWO,50% off | Use WELCOME50
26,Pop Tate's,4.7,"Snacks, Beverages, Pastas",68 MINS,₹800 FOR TWO,50% off | Use WELCOME50
27,Loafer,4.7,"Continental, Snacks",57 MINS,₹150 FOR TWO,50% off | Use WELCOME50
28,Cocoon - Dragonfly Hotel,4.7,"North Indian, Chinese",51 MINS,₹400 FOR TWO,50% off | Use WELCOME50
29,Healthy Bowls,4.7,Healthy Food,50 MINS,₹450 FOR TWO,50% off | Use WELCOME50
30,Mahavir Sweets And Farsan,4.7,"Desserts, Snacks, Sweets",48 MINS,₹200 FOR TWO,50% off | Use WELCOME50
31,Freshona,4.7,Juices,52 MINS,₹150 FOR TWO,50% off | Use WELCOME50
32,Atta Girl,4.7,"South Indian, Indian",42 MINS,₹500 FOR TWO,50% off | Use WELCOME50
33,HRX by Eatfit,4.7,"Healthy Food, Salads, Keto",44 MINS,₹250 FOR TWO,50% off | Use WELCOME50
34,ITC Fabelle Chocolates,4.7,"Bakery, Desserts",43 MINS,₹600 FOR TWO,50% off | Use WELCOME50
35,Kofuku,4.7,"Japanese, Asian",49 MINS,₹2200 FOR TWO,50% off | Use WELCOME50
36,Origami Japanese & Korean Restaurant,4.7,"Japanese, Asian",50 MINS,₹2000 FOR TWO,50% off | Use WELCOME50
37,NH1 Bowls - Highway To North,4.7,"North Indian, Punjabi",36 MINS,₹250 FOR TWO,50% off | Use WELCOME50
38,Street Food Karvaan,4.7,"Street Food, Fast Food, Tibetan, Asian, Chinese, Nepalese, North Eastern, Snacks",46 MINS,₹300 FOR TWO,50% off | Use WELCOME50
39,Episode One,4.7,"Italian, Asian, American, Indian",46 MINS,₹450 FOR TWO,50% off | Use WELCOME50
40,Monginis,4.7,"Bakery, Desserts, Snacks",44 MINS,₹300 FOR TWO,50% off | Use WELCOME50
41,Living Bowls,4.7,"Salads, Keto, Juices, Healthy Food",41 MINS,₹400 FOR TWO,50% off | Use WELCOME50
42,Kwality Walls Frozen Dessert and Ice Cream Shop,4.7,"Desserts, Ice Cream, Ice Cream Cakes",35 MINS,₹100 FOR TWO,50% off | Use WELCOME50
43,Natural Ice Cream,4.7,Desserts,27 MINS,₹150 FOR TWO,50% off | Use WELCOME50
44,Sadguru Sandwiches centre,4.6,Fast Food,63 MINS,₹200 FOR TWO,50% off | Use WELCOME50
45,Diablo Pizza,4.6,"Italian, Beverages",60 MINS,₹600 FOR TWO,50% off | Use WELCOME50
46,Shaolin Monks,4.6,"Asian, Chinese, Thai, Oriental",67 MINS,₹500 FOR TWO,50% off | Use WELCOME50
47,Wraps and Rolls,4.6,"Fast Food, Healthy Food",61 MINS,₹250 FOR TWO,50% off | Use WELCOME50
48,House of Momo,4.6,"Chinese, Asian",58 MINS,₹350 FOR TWO,50% off | Use WELCOME50
49,99 East,4.6,"North Indian, Chinese, Seafood",55 MINS,₹300 FOR TWO,50% off | Use WELCOME50
50,Agrawals juice and fast food centre,4.6,Indian,48 MINS,₹300 FOR TWO,50% off | Use WELCOME50
51,Deliciae by Bunty Mahajan,4.6,"Bakery, Desserts",50 MINS,₹1200 FOR TWO,50% off | Use WELCOME50
52,Mezaya,4.6,Desserts,50 MINS,₹500 FOR TWO,50% off | Use WELCOME50
53,New York Churros,4.6,Desserts,52 MINS,₹250 FOR TWO,50% off | Use WELCOME50
54,The Barn Grill,4.6,"American, Continental",53 MINS,₹900 FOR TWO,50% off | Use WELCOME50
55,SMOOR,4.6,"Desserts, Bakery",45 MINS,₹350 FOR TWO,60% off | Use TRYNEW
56,NAGAURI TEA & SNACKS CORNER,4.6,"Snacks, Beverages",45 MINS,₹100 FOR TWO,40% off on all orders
57,Roots Of India,4.6,"North Indian, Chinese, Biryani, Kebabs, Mughlai, Asian, Oriental",48 MINS,₹1000 FOR TWO,FREE DELIVERY
58,Kian Biryani,4.6,Biryani,49 MINS,₹475 FOR TWO,50% off | Use WELCOME50
59,Go Ganjing,4.6,"Biryani, North Indian",52 MINS,₹1000 FOR TWO,50% off | Use WELCOME50
60,Le15 Patisserie Powai,4.6,"Desserts, Bakery",41 MINS,₹500 FOR TWO,50% off | Use WELCOME50
61,Clove & Vinegar,4.6,"Chinese, Indian, Snacks, Tandoor, North Indian, Biryani",47 MINS,₹250 FOR TWO,50% off | Use WELCOME50
62,Elementaria Bakery & Cafe,4.6,"Desserts, Bakery",33 MINS,₹800 FOR TWO,50% off | Use WELCOME50
63,Giani's,4.6,"Ice Cream, Ice Cream Cakes, Beverages, Desserts",38 MINS,₹250 FOR TWO,15% off on all orders
64,Good Flippin' Burgers,4.6,"Burgers, Fast Food, American",41 MINS,₹600 FOR TWO,50% off | Use WELCOME50
65,Mirchi And Mime,4.6,Indian,43 MINS,₹1600 FOR TWO,50% off | Use WELCOME50
66,Keventers Ice Cream,4.6,"Ice Cream, Desserts",31 MINS,₹300 FOR TWO,50% off | Use TRYNEW
67,Gourmet Ice Cream Cakes by Baskin Robbins,4.6,"Desserts, Ice Cream, Bakery",35 MINS,₹250 FOR TWO,50% off | Use WELCOME50
68,Apsara Ice Creams,4.6,"Ice Cream, Desserts",28 MINS,₹150 FOR TWO,50% off | Use WELCOME50
69,BRUFFLES-waffle from brussels,4.6,Bakery,36 MINS,₹200 FOR TWO,50% off | Use WELCOME50
70,KERALA BAZAAR ONLINE,4.5,"South Indian, Snacks",53 MINS,₹200 FOR TWO,50% off | Use WELCOME50
71,Sri Krishna Sweets,4.5,Sweets,55 MINS,₹200 FOR TWO,50% off | Use WELCOME50
72,Amul Ice Cream Parlour,4.5,"Ice Cream, Desserts",50 MINS,₹200 FOR TWO,50% off | Use WELCOME50
73,Sadguru Veg Diet-(Station),4.5,North Indian,57 MINS,₹650 FOR TWO,50% off | Use WELCOME50
74,Tafe Terrace Cafe,4.5,"Asian, Indian",64 MINS,₹280 FOR TWO,50% off | Use WELCOME50
75,Sadguru Veg Diet-(BMC),4.5,North Indian,59 MINS,₹550 FOR TWO,50% off | Use WELCOME50
76,Keto Cop,4.5,"Keto, Indian, Italian, Continental, Snacks",60 MINS,₹400 FOR TWO,50% off | Use WELCOME50
77,Thotrin Cafe,4.5,"Indian, Chinese",63 MINS,₹500 FOR TWO,50% off | Use WELCOME50
78,CPAAN,4.5,Indian,51 MINS,₹100 FOR TWO,50% off | Use WELCOME50
79,Bombay Kitchen,4.5,"Indian, Chinese, Pizzas, Pastas, Snacks, Biryani, Continental, Beverages, Desser...",56 MINS,₹350 FOR TWO,50% off | Use WELCOME50
80,Punjabi Paneer,4.5,Indian,46 MINS,₹350 FOR TWO,50% off | Use WELCOME50
81,R Steam Hot,4.5,Continental,56 MINS,₹500 FOR TWO,50% off | Use WELCOME50
82,Jhama Sweets,4.5,"Sweets, Chaat",48 MINS,₹150 FOR TWO,50% off | Use WELCOME50
83,Mohanlal S Mithaiwala-RS,4.5,Sweets,48 MINS,₹700 FOR TWO,50% off | Use WELCOME50
84,Kantilal Damodar Mithaiwala,4.5,"Snacks, Sweets",41 MINS,₹500 FOR TWO,50% off | Use WELCOME50
85,ITC Hotels - Biryani & Pulao Collection,4.5,Indian,67 MINS,₹1500 FOR TWO,50% off | Use WELCOME50
86,Hit & Run,4.5,"Mughlai, Lebanese, Chinese, Salads",49 MINS,₹700 FOR TWO,50% off | Use WELCOME50
87,Jain Dugdhalay (sneh),4.5,Desserts,44 MINS,₹250 FOR TWO,50% off | Use WELCOME50
88,THE CURRY STORY,4.5,"Indian, Biryani, Beverages",52 MINS,₹400 FOR TWO,50% off | Use WELCOME50
89,The Belgian Waffle Co.,4.5,"Waffle, Desserts, Ice Cream",48 MINS,₹200 FOR TWO,20% off | Use TRYNEW
90,Jeden - The Cake Expert,4.5,"Desserts, Bakery, Fast Food",47 MINS,₹200 FOR TWO,50% off | Use WELCOME50
91,Al Nizami Darbar,4.5,"Indian, Chinese, Arabian, Tandoor, North Indian, Beverages",55 MINS,₹500 FOR TWO,50% off | Use WELCOME50
92,Merwans Cake Stop,4.5,"Bakery, Desserts, Snacks",43 MINS,₹200 FOR TWO,50% off | Use WELCOME50
93,Gulati's,4.5,"Sweets, Snacks",44 MINS,₹400 FOR TWO,50% off | Use WELCOME50
94,Tatya's kitchen,4.5,"North Indian, Biryani",54 MINS,₹200 FOR TWO,50% off | Use WELCOME50
95,B Burger,4.5,"American, Snacks, Beverages",44 MINS,₹500 FOR TWO,50% off | Use WELCOME50
96,Grameen Kulfi,4.5,"Ice Cream, Desserts",35 MINS,₹120 FOR TWO,50% off | Use SPECIALS
97,The Brooklyn Creamery - Healthy Ice Cream,4.5,"Desserts, Ice Cream",34 MINS,₹200 FOR TWO,50% off | Use WELCOME50
98,Fat Monk Chinese,4.5,"Chinese, Asian, Seafood",54 MINS,₹450 FOR TWO,50% off | Use WELCOME50
99,Shakes N More,4.5,"Beverages, Desserts",40 MINS,₹250 FOR TWO,50% off | Use WELCOME50
100,NIC Natural Ice Creams,4.5,"Ice Cream, Desserts",35 MINS,₹120 FOR TWO,50% off | Use WELCOME50
101,Sandwizzaa,4.5,Fast Food,44 MINS,₹250 FOR TWO,50% off | Use WELCOME50
102,Made of Milk,4.5,"Sweets, Ice Cream, Beverages",39 MINS,₹350 FOR TWO,50% off | Use WELCOME50
103,Ribbons and Balloons - The Cake Shop (Chandivali),4.5,"Bakery, Desserts",36 MINS,₹500 FOR TWO,50% off | Use WELCOME50
104,Haagen-Dazs,4.5,Desserts,33 MINS,₹400 FOR TWO,50% off | Use WELCOME50
105,China Valley,4.5,"Chinese, Oriental, Thai, Asian, Seafood",42 MINS,₹1100 FOR TWO,50% off | Use WELCOME50
106,Theobroma,4.5,"Bakery, Desserts",36 MINS,₹800 FOR TWO,10% off | Use SPECIALS
107,Flax - Healthy Living,4.5,"Healthy Food, Keto, Salads",42 MINS,₹800 FOR TWO,50% off | Use WELCOME50
108,Hotel Sudarshan,4.4,"South Indian, Indian, Chinese",63 MINS,₹400 FOR TWO,50% off | Use WELCOME50
109,Hotel Grand Central,4.4,"North Indian, Chinese, Seafood, Biryani, Asian, Continental, Punjabi, Tandoor, D...",65 MINS,₹600 FOR TWO,50% off | Use WELCOME50
110,Kitchen Garden by Suzette,4.4,Salads,65 MINS,₹1100 FOR TWO,50% off | Use WELCOME50
111,Grill And Chill,4.4,"Fast Food, Snacks, Beverages, Juices, Chaat, Pizzas, Continental",61 MINS,₹200 FOR TWO,50% off | Use WELCOME50
112,Baconfessions,4.4,"Italian, Continental, Snacks",62 MINS,₹400 FOR TWO,50% off | Use WELCOME50
113,TUKI,4.4,"Chinese, Asian",58 MINS,₹600 FOR TWO,50% off | Use WELCOME50
114,HARE KRISHNA,4.4,Indian,57 MINS,₹250 FOR TWO,50% off | Use WELCOME50
115,Nine Cuisine  Family Resto Bar,4.4,"Chinese, Seafood",53 MINS,₹300 FOR TWO,50% off | Use WELCOME50
116,Narayan Snack Parlour,4.4,Fast Food,58 MINS,₹150 FOR TWO,50% off | Use WELCOME50
117,Gores Misal And Family Restaurant,4.4,"Indian, Biryani, Snacks",59 MINS,₹300 FOR TWO,50% off | Use WELCOME50
118,CARTER'S BLUE,4.4,"Mughlai, North Indian, Chinese",51 MINS,₹500 FOR TWO,50% off | Use WELCOME50
119,Oasiss Cakes & IceCreams,4.4,"Ice Cream, Desserts, Bakery",46 MINS,₹150 FOR TWO,50% off | Use WELCOME50
120,Dairy Don,4.4,"Desserts, Beverages",47 MINS,₹200 FOR TWO,50% off | Use WELCOME50
121,Tea Post,4.4,Beverages,60 MINS,₹400 FOR TWO,50% off | Use WELCOME50
122,Tender Fresh,4.4,"Ice Cream, Beverages",57 MINS,₹150 FOR TWO,50% off | Use WELCOME50
123,Laxman's Om Vada Pav,4.4,"Fast Food, Snacks",51 MINS,₹100 FOR TWO,50% off | Use WELCOME50
124,Ribbons And Balloons - The Cake Shop,4.4,Bakery,50 MINS,₹500 FOR TWO,50% off | Use WELCOME50
125,The Punjabi's Kitchen,4.4,North Indian,54 MINS,₹500 FOR TWO,50% off | Use WELCOME50
126,Balaji Hotel,4.4,"Fast Food, Indian, North Indian, South Indian",49 MINS,₹300 FOR TWO,50% off | Use WELCOME50
127,RASAYYA,4.4,Sweets,48 MINS,₹250 FOR TWO,50% off | Use WELCOME50
128,Om Snacks,4.4,"Pizzas, Pastas",50 MINS,₹400 FOR TWO,50% off | Use WELCOME50
129,Om Sai Ram Dolphin Frankee,4.4,Beverages,43 MINS,₹350 FOR TWO,50% off | Use WELCOME50
130,Cake Basket,4.4,Desserts,44 MINS,₹300 FOR TWO,50% off | Use WELCOME50
131,Garnish Peninsula,4.4,"North Indian, Chinese, Tandoor",54 MINS,₹500 FOR TWO,50% off | Use WELCOME50
132,Chandu Halwai,4.4,Sweets,45 MINS,₹150 FOR TWO,50% off | Use WELCOME50
133,sanjay vadapav stall,4.4,Chaat,58 MINS,₹80 FOR TWO,50% off | Use WELCOME50
134,Brijwasi Sweets,4.4,"Indian, Snacks, Sweets",43 MINS,₹200 FOR TWO,40% off | Use GUILTFREE
135,Sai Sandwich Centre,4.4,Pizzas,52 MINS,₹300 FOR TWO,50% off | Use WELCOME50
136,NEW AIRPORT RESTAURANT,4.4,"Chinese, Indian, North Indian, Tandoor, Desserts, Fast Food",50 MINS,₹450 FOR TWO,50% off | Use WELCOME50
137,Instawich - Shudh Desi Sandwiches,4.4,"Snacks, Beverages",49 MINS,₹300 FOR TWO,50% off | Use WELCOME50
138,Shubham Greens,4.4,"South Indian, North Indian, Maharashtrian, Chinese",52 MINS,₹350 FOR TWO,50% off | Use WELCOME50
139,GAONGAJALI,4.4,"Malwani, Seafood, Thalis, Indian",56 MINS,₹200 FOR TWO,50% off | Use WELCOME50
140,Lucknowee,4.4,"North Indian, Biryani, Kebabs",55 MINS,₹600 FOR TWO,50% off | Use WELCOME50
141,Jaspal Di Bhatti,4.4,"North Indian, Indian, Tandoor",58 MINS,₹400 FOR TWO,50% off | Use WELCOME50
142,Beeji Ki Rasoi,4.4,"North Indian, Indian",53 MINS,₹400 FOR TWO,50% off | Use WELCOME50
143,Pa Pa Ya,4.4,"Japanese, Asian",55 MINS,₹800 FOR TWO,50% off | Use WELCOME50
144,Bowls & Salads By Greenz,4.4,"Continental, Salads",43 MINS,₹350 FOR TWO,50% off | Use WELCOME50
145,Goa Portuguesa,4.4,Indian,54 MINS,₹1000 FOR TWO,50% off | Use WELCOME50
146,The Dough Therapy,4.4,"Pizzas, Italian",51 MINS,₹800 FOR TWO,50% off | Use WELCOME50
147,Woodside Burger Shop,4.4,"Burgers, Fast Food",51 MINS,₹500 FOR TWO,50% off | Use WELCOME50
148,Wraps and Rolls,4.4,"Fast Food, Healthy Food",48 MINS,₹250 FOR TWO,50% off | Use WELCOME50
149,House of Momo,4.4,"Asian, Chinese",48 MINS,₹200 FOR TWO,50% off | Use WELCOME50
150,Sorrentina Gourmet Italian Store,4.4,"Bakery, Desserts",42 MINS,₹500 FOR TWO,50% off | Use WELCOME50
151,Blue Tokai Coffee Roasters,4.4,Beverages,43 MINS,₹500 FOR TWO,50% off | Use WELCOME50
152,NOTO - Healthy Ice Cream,4.4,"Ice Cream, Healthy Food",36 MINS,₹300 FOR TWO,50% off | Use WELCOME50
153,Rolls & Bites,4.4,Indian,43 MINS,₹250 FOR TWO,50% off | Use WELCOME50
154,Malini's Health Kitchen,4.4,"South Indian, Healthy Food",45 MINS,₹250 FOR TWO,50% off | Use WELCOME50
155,CakeZone,4.4,"Desserts, Bakery",49 MINS,₹200 FOR TWO,50% off | Use WELCOME50
156,Big Burger Buns,4.4,"American, Beverages",39 MINS,₹500 FOR TWO,50% off | Use WELCOME50
157,Puran poli kitchen,4.4,"Indian, Chinese, Combo, Thalis",53 MINS,₹150 FOR TWO,50% off | Use WELCOME50
158,Love & Cheesecake,4.4,Desserts,44 MINS,₹900 FOR TWO,50% off | Use WELCOME50
159,BOSS Burger,4.4,"Burgers, American, Fast Food, Snacks",49 MINS,₹500 FOR TWO,50% off | Use WELCOME50
160,Breakfast Bistro,4.4,"American, European, Continental",43 MINS,₹500 FOR TWO,50% off | Use WELCOME50
161,Sadak Chaap,4.4,"North Indian, Snacks, Beverages",48 MINS,₹300 FOR TWO,50% off | Use WELCOME50
162,Louis Burger,4.4,American,45 MINS,₹600 FOR TWO,50% off | Use WELCOME50
163,Zaffran,4.4,Indian,47 MINS,₹700 FOR TWO,50% off | Use WELCOME50
164,Jumboking Indian Burger,4.4,"American, Mexican, Fast Food, Snacks, Beverages",46 MINS,₹250 FOR TWO,50% off | Use WELCOME50
165,Bunbuoy burgers,4.4,"Snacks, Biryani, Beverages, American",44 MINS,₹500 FOR TWO,50% off | Use WELCOME50
166,Papacream,4.4,Desserts,37 MINS,₹350 FOR TWO,50% off | Use WELCOME50
167,Flavor Matrix,4.4,"Indian, Kebabs, Biryani, Punjabi, Bengali, Seafood, Combo",40 MINS,₹400 FOR TWO,50% off | Use WELCOME50
168,Juicy Stuff,4.4,"Indian, Chinese, Beverages",42 MINS,₹650 FOR TWO,50% off | Use WELCOME50
169,Tejal's Kitchen,4.4,"Gujarati, Rajasthani, Salads, Jain, Snacks, North Indian",45 MINS,₹250 FOR TWO,50% off | Use WELCOME50
170,SLAY Coffee,4.4,"Beverages, Desserts",40 MINS,₹200 FOR TWO,50% off | Use WELCOME50
171,Sesami,4.4,"Japanese, Asian",48 MINS,₹1200 FOR TWO,50% off | Use WELCOME50
172,Myfroyoland,4.4,"Desserts, Ice Cream, Keto",35 MINS,₹400 FOR TWO,50% off | Use WELCOME50
173,Fit Food Company,4.4,"Beverages, Continental, Healthy Food, Juices, Salads",37 MINS,₹400 FOR TWO,50% off | Use WELCOME50
174,The Sassy Spoon,4.4,"Italian, Asian, American",42 MINS,₹2000 FOR TWO,50% off | Use WELCOME50
175,Tibb's Frankie,4.4,"Fast Food, Snacks, North Indian, Mexican, Beverages",36 MINS,₹200 FOR TWO,50% off | Use WELCOME50
176,99 Pancakes,4.4,French,39 MINS,₹300 FOR TWO,50% off | Use WELCOME50
177,Sweet Bengal,4.4,"Sweets, Indian, Snacks, Desserts",34 MINS,₹150 FOR TWO,50% off | Use WELCOME50
178,Gaurav Sweets and Namkeen,4.4,"Snacks, Sweets, Chaat",35 MINS,₹200 FOR TWO,50% off | Use WELCOME50
179,Sassy Teaspoon,4.4,"Desserts, Bakery",34 MINS,₹800 FOR TWO,50% off | Use WELCOME50
180,The J,4.4,Fast Food,36 MINS,₹320 FOR TWO,50% off | Use WELCOME50
181,Mad Over Donuts,4.4,"Desserts, Sweets, Bakery",33 MINS,₹200 FOR TWO,50% off | Use WELCOME50
182,Baskin Robbins,4.4,"Desserts, Ice Cream",31 MINS,₹250 FOR TWO,50% off | Use WELCOME50
183,Poetry By Love & Cheesecake,4.4,"Desserts, Bakery",35 MINS,₹800 FOR TWO,50% off | Use WELCOME50
184,Brijwasi Sweets Original Since 1946,4.4,"Street Food, Desserts",38 MINS,₹150 FOR TWO,50% off | Use WELCOME50
185,What The Fries,4.3,Fast Food,62 MINS,₹250 FOR TWO,50% off | Use WELCOME50
186,Blisss,4.3,"Desserts, Bakery",54 MINS,₹300 FOR TWO,50% off | Use WELCOME50
187,Maharana Kamath,4.3,"Street Food, North Indian, Chinese, Gujarati, South Indian, Beverages",59 MINS,₹300 FOR TWO,50% off | Use WELCOME50
188,Vaishali Garden Restaurant,4.3,"South Indian, Indian, North Indian, Chinese, Biryani, Tandoor",58 MINS,₹600 FOR TWO,50% off | Use WELCOME50
189,Manis Cafe,4.3,South Indian,56 MINS,₹200 FOR TWO,50% off | Use WELCOME50
190,Cafe Udipi,4.3,"Street Food, North Indian, Chinese, South Indian",57 MINS,₹500 FOR TWO,50% off | Use WELCOME50
191,Goodness To Go,4.3,"Salads, European, Italian, Juices, Bakery, Desserts, Combo",63 MINS,₹350 FOR TWO,50% off | Use WELCOME50
192,230 Celsius,4.3,"Italian, Continental",63 MINS,₹400 FOR TWO,50% off | Use WELCOME50
193,One By Two,4.3,Chinese,51 MINS,₹100 FOR TWO,50% off | Use WELCOME50
194,Dragon Food Court,4.3,Chinese,56 MINS,₹400 FOR TWO,50% off | Use WELCOME50
195,Krishna Sagar,4.3,"North Indian, Chinese, Mangalorean, South Indian",58 MINS,₹500 FOR TWO,50% off | Use WELCOME50
196,Fabcafe by Fabindia,4.3,"North Indian, Healthy Food, Biryani, Beverages",63 MINS,₹800 FOR TWO,50% off | Use WELCOME50
197,Sagar Bar & Restaurant,4.3,"Indian, Chinese",52 MINS,₹500 FOR TWO,50% off | Use WELCOME50
198,New Laxmi Fish & Kabab Corner,4.3,"Mughlai, Maharashtrian, Biryani, Indian",51 MINS,₹350 FOR TWO,50% off | Use WELCOME50
199,Sarvodaya Pure Veg,4.3,"North Indian, Chinese, South Indian, Tandoor, Continental, Fast Food, Beverages",58 MINS,₹350 FOR TWO,50% off | Use WELCOME50
200,HARE RAMA HARE KRISHNA VEG RESTAURANT,4.3,Indian,52 MINS,₹400 FOR TWO,50% off | Use WELCOME50
201,Madras cafe,4.3,"South Indian, North Indian, Chinese",49 MINS,₹400 FOR TWO,50% off | Use WELCOME50
202,Granville Greens,4.3,"South Indian, Chinese, Italian, Fast Food, Mexican, North Indian",53 MINS,₹400 FOR TWO,50% off | Use WELCOME50
203,PANSHIKAR TASTEAURANT,4.3,"Street Food, Snacks",53 MINS,₹300 FOR TWO,50% off | Use WELCOME50
204,YouMee,4.3,"Japanese, Asian",64 MINS,₹600 FOR TWO,50% off | Use WELCOME50
205,Lalta Pav Bhaji (Vikrant Circle),4.3,"Chinese, Beverages, Juices",52 MINS,₹200 FOR TWO,50% off | Use WELCOME50
206,Street Foods By Punjab Grill,4.3,"North Indian, Chaat, Biryani, Punjabi, Kebabs, Mughlai, Desserts",56 MINS,₹350 FOR TWO,50% off | Use WELCOME50
207,Lalta Pav Bhaji (Tilak Road),4.3,"Beverages, Juices",53 MINS,₹250 FOR TWO,50% off | Use WELCOME50
208,Shree GuruKrupa (Tilak Road),4.3,"North Indian, Chinese",51 MINS,₹600 FOR TWO,50% off | Use WELCOME50
209,Pizzas Etc,4.3,"Pizzas, Pastas, Burgers, Italian, Jain, Beverages",51 MINS,₹600 FOR TWO,50% off | Use WELCOME50
210,Half Plate - Half Price - Pure Veg,4.3,"North Indian, Thalis",55 MINS,₹300 FOR TWO,50% off | Use WELCOME50
211,Flavours by ITC Hotels,4.3,"Indian, Italian, American",72 MINS,₹1500 FOR TWO,50% off | Use WELCOME50
212,Dessert Junction,4.3,Desserts,50 MINS,₹200 FOR TWO,50% off | Use WELCOME50
213,Tru Falafel,4.3,"Lebanese, Middle Eastern, Healthy Food, Mediterranean, Arabian",51 MINS,₹600 FOR TWO,50% off | Use WELCOME50
214,Konkan Katta,4.3,"Maharashtrian, Malwani, Seafood",58 MINS,₹400 FOR TWO,50% off | Use WELCOME50
215,Third Wave Coffee,4.3,"Beverages, Desserts",51 MINS,₹400 FOR TWO,50% off | Use WELCOME50
216,Shaikh Shawarma and Grill,4.3,"Mughlai, Lebanese",55 MINS,₹300 FOR TWO,50% off | Use WELCOME50
217,Alice in Gelatoland,4.3,"Desserts, Ice Cream, Beverages",49 MINS,₹200 FOR TWO,50% off | Use WELCOME50
218,Dil Ki Meal,4.3,"North Indian, Mughlai, Desserts, Beverages",55 MINS,₹300 FOR TWO,50% off | Use WELCOME50
219,Vihara- International by Tunga,4.3,"Indian, South Indian, Beverages",55 MINS,₹450 FOR TWO,50% off | Use WELCOME50
220,Vedha,4.3,"North Indian, Chinese, Tandoor, Thalis, Salads",47 MINS,₹399 FOR TWO,50% off | Use WELCOME50
221,Cafe Vikhroli,4.3,"North Indian, Indian, Beverages, Biryani",49 MINS,₹299 FOR TWO,50% off | Use WELCOME50
222,Orange Cakes and Bakers,4.3,"Bakery, Desserts",45 MINS,₹500 FOR TWO,50% off | Use WELCOME50
223,British Brewing Company (BBCo),4.3,"Italian, American, Indian, Asian",49 MINS,₹850 FOR TWO,50% off | Use WELCOME50
224,Nino Burgers,4.3,American,44 MINS,₹600 FOR TWO,50% off | Use WELCOME50
225,McDonald's Gourmet Burger Collection,4.3,"Burgers, Beverages, Cafe, Desserts",46 MINS,₹600 FOR TWO,50% off | Use WELCOME50
226,Narayan Sandwich House,4.3,"Healthy Food, Snacks",50 MINS,₹250 FOR TWO,50% off | Use WELCOME50
227,Saptami - Holiday Inn,4.3,"Indian, Asian, European",57 MINS,₹550 FOR TWO,50% off | Use WELCOME50
228,Urban Tadka,4.3,North Indian,50 MINS,₹800 FOR TWO,50% off | Use WELCOME50
229,Ciro's Pizzeria,4.3,"Pastas, Pizzas, Italian, Continental",48 MINS,₹600 FOR TWO,50% off | Use WELCOME50
230,One Square Meal,4.3,"North Indian, Chinese, Pastas, Thalis, Fast Food, Punjabi, Mughlai, European, Am...",50 MINS,₹500 FOR TWO,50% off | Use WELCOME50
231,Prithvi Cafe,4.3,"North Indian, Italian, Snacks, Desserts, Beverages",46 MINS,₹400 FOR TWO,50% off | Use WELCOME50
232,UNNATI KITCHEN,4.3,"Indian, Chinese, Tandoor",55 MINS,₹250 FOR TWO,50% off | Use WELCOME50
233,Sweetish House Mafia,4.3,Desserts,51 MINS,₹250 FOR TWO,50% off | Use WELCOME50
234,Wild Wild West,4.3,"Italian, Snacks, Fast Food, North Indian, Salads",49 MINS,₹500 FOR TWO,40% off on all orders
235,SLYCE,4.3,"Italian, Pizzas",47 MINS,₹600 FOR TWO,FREE DELIVERY
236,Goila Butter Chicken,4.3,Indian,46 MINS,₹600 FOR TWO,50% off | Use WELCOME50
237,Sunny Restaurant And Bar,4.3,"Indian, Chinese, Tandoor",42 MINS,₹300 FOR TWO,50% off | Use WELCOME50
238,Only Roti's,4.3,"Indian, Desserts",49 MINS,₹250 FOR TWO,50% off | Use WELCOME50
239,Oriental Majik,4.3,"Chinese, Asian",43 MINS,₹250 FOR TWO,50% off | Use WELCOME50
240,Global Foodie,4.3,"Chinese, Mexican, Italian, Pan-Asian, Thai, Malaysian, Oriental, Italian-America...",51 MINS,₹500 FOR TWO,50% off | Use WELCOME50
241,Sudarshan Veg Restaurant,4.3,"Indian, Chinese, South Indian",47 MINS,₹700 FOR TWO,50% off | Use WELCOME50
242,FoodPost,4.3,"Chinese, Indian",45 MINS,₹300 FOR TWO,50% off | Use WELCOME50
243,The Bowl Project,4.3,"Oriental, Italian-American, Indian, Asian",40 MINS,₹650 FOR TWO,50% off | Use WELCOME50
244,Maiz Mexican Kitchen,4.3,Mexican,42 MINS,₹700 FOR TWO,50% off | Use WELCOME50
245,Gurukripa (Powai),4.3,"North Indian, Chinese, Seafood",45 MINS,₹500 FOR TWO,50% off | Use WELCOME50
246,The Good Bowl,4.3,"North Indian, Punjabi, Biryani, Chinese, Beverages, Desserts, Jain, Indian, Hyde...",40 MINS,₹400 FOR TWO,50% off | Use WELCOME50
247,ZAZA 22 Spice Biryani,4.3,"Biryani, North Indian, Mughlai",35 MINS,₹250 FOR TWO,50% off | Use WELCOME50
248,Kabab Ghar,4.3,Indian,47 MINS,₹400 FOR TWO,50% off | Use WELCOME50
249,Chai Point,4.3,"Bakery, Beverages, Maharashtrian, Snacks, Street Food, South Indian, Punjabi",42 MINS,₹150 FOR TWO,50% off | Use WELCOME50
250,Harvest Salad Co,4.3,"Salads, Fast Food",45 MINS,₹700 FOR TWO,50% off | Use WELCOME50
251,Fuel Up,4.3,"Healthy Food, Salads, Continental",41 MINS,₹250 FOR TWO,50% off | Use WELCOME50
252,Aromas Cafe & Bistro - Powai,4.3,"Pizzas, Pastas, Italian, Middle Eastern, Continental, Beverages, Desserts",43 MINS,₹1000 FOR TWO,50% off | Use WELCOME50
253,Behrouz Biryani,4.3,"Biryani, Mughlai, Lucknowi, Hyderabadi, Kebabs, North Indian, Persian, Desserts",40 MINS,₹500 FOR TWO,50% off | Use WELCOME50
254,HANGLA'S,4.3,Bengali,42 MINS,₹250 FOR TWO,50% off | Use WELCOME50
255,Bread Up - From the house of Mia Cucina,4.3,Desserts,41 MINS,₹500 FOR TWO,50% off | Use WELCOME50
256,Birdy's Cake Shop,4.3,Bakery,38 MINS,₹250 FOR TWO,50% off | Use WELCOME50
257,Bread Butter Beyond,4.3,Indian,44 MINS,₹400 FOR TWO,50% off | Use WELCOME50
258,Starbucks Coffee,4.3,"Beverages, Ice Cream",35 MINS,₹400 FOR TWO,40% off | Use TRYNEW
259,Halwai Ki Dukan,4.3,"North Indian, Rajasthani",49 MINS,₹300 FOR TWO,50% off | Use WELCOME50
260,Trupti Farsan,4.3,"Snacks, Pizzas, Indian, Fast Food",37 MINS,₹200 FOR TWO,50% off | Use WELCOME50
261,Mia Cucina,4.3,Italian,46 MINS,₹2000 FOR TWO,50% off | Use WELCOME50
262,Madeira & Mime,4.3,"Indian, Italian, Asian",41 MINS,₹1000 FOR TWO,50% off | Use WELCOME50
263,JOSHH - India Ka Apna Taste,4.3,"Indian, North Indian, South Indian, Thalis, Ice Cream, Snacks, Street Food, Chaa...",38 MINS,₹200 FOR TWO,50% off | Use WELCOME50
264,McDonald's,4.3,"Burgers, Beverages, Cafe, Desserts",45 MINS,₹400 FOR TWO,50% off | Use WELCOME50
265,Rainbow Juice Centre,4.3,Beverages,36 MINS,₹300 FOR TWO,50% off | Use WELCOME50
266,Pawri Kitchen,4.3,"Indian, Continental, Pastas",44 MINS,₹400 FOR TWO,50% off | Use WELCOME50
267,Bayroute,4.3,"Middle Eastern, Lebanese",45 MINS,₹1500 FOR TWO,50% off | Use WELCOME50
268,Trupti Farsan Chandivali,4.3,"Snacks, Fast Food, Indian",38 MINS,₹200 FOR TWO,50% off | Use WELCOME50
269,Laxmi Next,4.3,"Chaat, Chinese, Indian, Tandoor",38 MINS,₹250 FOR TWO,50% off | Use WELCOME50
270,Nothing But Chicken,4.3,"Salads, Fast Food",34 MINS,₹400 FOR TWO,50% off | Use WELCOME50
271,Cafe Coffee Day,4.3,"Beverages, Snacks, Desserts",35 MINS,₹300 FOR TWO,50% off | Use WELCOME50
272,Chaayos Chai+Snacks=Relax,4.3,"Bakery, Beverages, Chaat, Desserts, Home Food, Italian, Maharashtrian, Snacks, S...",36 MINS,₹250 FOR TWO,50% off | Use WELCOME50
273,UDUPI 2 MUMBAI,4.2,"South Indian, Beverages",69 MINS,₹300 FOR TWO,50% off | Use WELCOME50
274,Bangalore Iyangars Bakery and Cake shop,4.2,Bakery,67 MINS,₹400 FOR TWO,50% off | Use WELCOME50
275,Juice Mantra Fresh Fruit Center,4.2,"Fast Food, Juices",54 MINS,₹300 FOR TWO,50% off | Use WELCOME50
276,Le Cafe (Jewel of Chembur),4.2,"Italian, American, Desserts",66 MINS,₹1200 FOR TWO,50% off | Use WELCOME50
277,Gupta BhelPuri Stall,4.2,Chaat,54 MINS,₹100 FOR TWO,50% off | Use WELCOME50
278,Oh My Wraps,4.2,"Chinese, Fast Food, Indian, North Indian",62 MINS,₹250 FOR TWO,60% off | Use TRYNEW
279,Nityanand Restaurant,4.2,"Street Food, North Indian, South Indian",61 MINS,₹350 FOR TWO,50% off | Use WELCOME50
280,lan lan restaurant,4.2,Chinese,63 MINS,₹400 FOR TWO,50% off | Use WELCOME50
281,Easyhuman,4.2,"Healthy Food, Keto, Beverages, Salads, Desserts, Indian",60 MINS,₹400 FOR TWO,50% off | Use WELCOME50
282,Pizza Terracotta,4.2,"Pizzas, Snacks, Italian",64 MINS,₹400 FOR TWO,50% off | Use WELCOME50
283,Vijay's Kitchen,4.2,Indian,65 MINS,₹200 FOR TWO,50% off | Use WELCOME50
284,Alex Dragon Food court,4.2,"Chinese, Indian",54 MINS,₹400 FOR TWO,50% off | Use WELCOME50
285,Gopala's Next,4.2,"Chinese, North Indian, South Indian",57 MINS,₹500 FOR TWO,50% off | Use WELCOME50
286,Hotel Mahesh Fine Dine,4.2,Indian,60 MINS,₹400 FOR TWO,50% off | Use WELCOME50
287,Classic Veg Restaurant,4.2,"South Indian, Indian, Chinese",56 MINS,₹450 FOR TWO,50% off | Use WELCOME50
288,Keventerss The Beverages,4.2,"Beverages, Desserts, Ice Cream",55 MINS,₹300 FOR TWO,50% off | Use WELCOME50
289,Cremeborne - Ice Creams & dessert,4.2,"Ice Cream, Beverages",51 MINS,₹300 FOR TWO,50% off | Use WELCOME50
290,"Brijwasi Sweets, Original Since 1946 - GD Group",4.2,"Sweets, Desserts, Fast Food, Snacks, Beverages",48 MINS,₹250 FOR TWO,50% off | Use WELCOME50
291,Havmour Ice Cream,4.2,Ice Cream,48 MINS,₹150 FOR TWO,50% off | Use WELCOME50
292,Occasions,4.2,"Bakery, Desserts",47 MINS,₹300 FOR TWO,50% off | Use WELCOME50
293,Gopal Krishna's veg restaurant,4.2,"South Indian, Chinese, Indian",48 MINS,₹350 FOR TWO,50% off | Use WELCOME50
294,Achija,4.2,Snacks,50 MINS,₹200 FOR TWO,50% off | Use WELCOME50
295,Brijwasi Sweets Andheri east J.B.  nagar,4.2,"Indian, Snacks, Desserts, Sweets, Street Food, Chaat",47 MINS,₹150 FOR TWO,50% off | Use WELCOME50
296,Something's Fishy- International by Tunga Andheri,4.2,"Seafood, Coastal, North Indian, Goan",58 MINS,₹700 FOR TWO,50% off | Use WELCOME50
297,Cream Centre - Veg Bistro,4.2,"Italian, Mexican, Indian",65 MINS,₹1100 FOR TWO,50% off | Use WELCOME50
298,Apna Dhaba,4.2,Indian,51 MINS,₹500 FOR TWO,50% off | Use WELCOME50
299,Locho House,4.2,Gujarati,48 MINS,₹100 FOR TWO,50% off | Use WELCOME50
300,Caro-Sooper,4.2,Ice Cream,43 MINS,₹400 FOR TWO,60% off | Use TRYNEW
301,Shree Ram Juice Centre,4.2,"Fast Food, Juices",50 MINS,₹300 FOR TWO,50% off | Use WELCOME50
302,Kung Fu Panda,4.2,"Chinese, Thai, Asian",52 MINS,₹600 FOR TWO,50% off | Use WELCOME50
303,Cakes and rolls,4.2,Chinese,53 MINS,₹200 FOR TWO,50% off | Use WELCOME50
304,Ganga - Paradise By Tunga,4.2,"South Indian, Indian",49 MINS,₹350 FOR TWO,50% off | Use WELCOME50
305,Bangalore Iyangar's Bakery,4.2,"Desserts, Bakery, Sweets, Ice Cream",44 MINS,₹300 FOR TWO,50% off | Use WELCOME50
306,Hariprasad,4.2,"Indian, Chinese, Tandoor, Kebabs, Afghani, Desserts, Beverages",55 MINS,₹350 FOR TWO,50% off | Use WELCOME50
307,Chimichurri - All Day Asian Diner,4.2,"Asian, Japanese",52 MINS,₹1300 FOR TWO,50% off | Use WELCOME50
308,Oishi Oishi By Persian Darbar,4.2,"Chinese, Japanese, Pan-Asian, Tibetan, Asian, Beverages",54 MINS,₹600 FOR TWO,50% off | Use WELCOME50
309,MAMA CAKES AND BAKERS,4.2,"Bakery, Desserts",50 MINS,₹90 FOR TWO,50% off | Use WELCOME50
310,A 1 Ice Creams,4.2,"Desserts, Ice Cream",43 MINS,₹200 FOR TWO,50% off | Use WELCOME50
311,5 Spice,4.2,"Chinese, Desserts",46 MINS,₹1100 FOR TWO,50% off | Use WELCOME50
312,Amar Juice Centre,4.2,"Indian, Chinese",47 MINS,₹550 FOR TWO,50% off | Use WELCOME50
313,Great Indian Khichdi by EatFit,4.2,"Home Food, Indian, North Indian, Healthy Food, Snacks, Desserts, Rajasthani, Sou...",42 MINS,₹200 FOR TWO,50% off | Use GUILTFREE
314,Gopala's Veg Kitchen,4.2,"North Indian, South Indian, Biryani, Chinese, Desserts",46 MINS,₹350 FOR TWO,50% off | Use WELCOME50
315,Smoke House Deli,4.2,"American, Italian, European",54 MINS,₹800 FOR TWO,50% off | Use WELCOME50
316,Diet Experts,4.2,"Salads, Healthy Food",49 MINS,₹400 FOR TWO,50% off | Use WELCOME50
317,East Pan Asian,4.2,"Pan-Asian, Chinese, Continental",53 MINS,₹500 FOR TWO,50% off | Use WELCOME50
318,The Healthy Farm Juice Center,4.2,"Juices, Salads, Beverages, Healthy Food, Cafe",46 MINS,₹180 FOR TWO,50% off | Use WELCOME50
319,Pomona Cafe,4.2,"Italian-American, European, Continental",44 MINS,₹500 FOR TWO,50% off | Use WELCOME50
320,Vijay's Kitchen,4.2,Indian,65 MINS,₹200 FOR TWO,50% off | Use WELCOME50
321,Alex Dragon Food court,4.2,"Chinese, Indian",54 MINS,₹400 FOR TWO,50% off | Use WELCOME50
322,Gopala's Next,4.2,"Chinese, North Indian, South Indian",57 MINS,₹500 FOR TWO,50% off | Use WELCOME50
323,Hotel Mahesh Fine Dine,4.2,Indian,60 MINS,₹400 FOR TWO,50% off | Use WELCOME50
324,Classic Veg Restaurant,4.2,"South Indian, Indian, Chinese",56 MINS,₹450 FOR TWO,50% off | Use WELCOME50
325,Keventerss The Beverages,4.2,"Beverages, Desserts, Ice Cream",55 MINS,₹300 FOR TWO,50% off | Use WELCOME50
326,Cremeborne - Ice Creams & dessert,4.2,"Ice Cream, Beverages",51 MINS,₹300 FOR TWO,50% off | Use WELCOME50
327,"Brijwasi Sweets, Original Since 1946 - GD Group",4.2,"Sweets, Desserts, Fast Food, Snacks, Beverages",48 MINS,₹250 FOR TWO,50% off | Use WELCOME50
328,Havmour Ice Cream,4.2,Ice Cream,48 MINS,₹150 FOR TWO,50% off | Use WELCOME50
329,Occasions,4.2,"Bakery, Desserts",47 MINS,₹300 FOR TWO,50% off | Use WELCOME50
330,Gopal Krishna's veg restaurant,4.2,"South Indian, Chinese, Indian",48 MINS,₹350 FOR TWO,50% off | Use WELCOME50
331,Achija,4.2,Snacks,50 MINS,₹200 FOR TWO,50% off | Use WELCOME50
332,Brijwasi Sweets Andheri east J.B.  nagar,4.2,"Indian, Snacks, Desserts, Sweets, Street Food, Chaat",47 MINS,₹150 FOR TWO,50% off | Use WELCOME50
333,Something's Fishy- International by Tunga Andheri,4.2,"Seafood, Coastal, North Indian, Goan",58 MINS,₹700 FOR TWO,50% off | Use WELCOME50
334,Cream Centre - Veg Bistro,4.2,"Italian, Mexican, Indian",65 MINS,₹1100 FOR TWO,50% off | Use WELCOME50
335,Apna Dhaba,4.2,Indian,52 MINS,₹500 FOR TWO,50% off | Use WELCOME50
336,Ribbons and Balloons,4.2,"Bakery, Desserts",33 MINS,₹300 FOR TWO,50% off | Use WELCOME50
337,Chili's American Grill & Bar,4.2,"Mexican, American",41 MINS,₹900 FOR TWO,50% off | Use WELCOME50
338,"DIMSUM WU (Chinese, Momo, Shushi & more)",4.2,"Chinese, Sushi, Seafood",41 MINS,₹400 FOR TWO,50% off | Use WELCOME50
339,Burger King,4.2,"Burgers, American",45 MINS,₹350 FOR TWO,Get every item under 129
340,Cheelizza - India Ka Pizza,4.2,"Pizzas, Italian, Desserts, Beverages",46 MINS,₹500 FOR TWO,FREE DELIVERY
341,Wow! Momo,4.2,"Tibetan, Healthy Food, Asian, Chinese, Snacks, Continental, Desserts, Beverages",38 MINS,₹300 FOR TWO,50% off | Use GUILTFREE
342,Rasobongo Powai ( Authentic Bengali Sweets ),4.2,"Bengali, Sweets, Snacks",35 MINS,₹150 FOR TWO,50% off | Use WELCOME50
343,Hangout Cakes & More,4.2,Desserts,29 MINS,₹150 FOR TWO,50% off | Use WELCOME50
344,Cafe Alvi,4.1,North Indian,61 MINS,₹500 FOR TWO,50% off | Use WELCOME50
345,East End Deli,4.1,"Desserts, Snacks, Fast Food, Beverages",62 MINS,₹300 FOR TWO,50% off | Use WELCOME50
346,Cafe Quba,4.1,"Chinese, Indian, North Indian",58 MINS,₹400 FOR TWO,50% off | Use WELCOME50
347,S P Burger,4.1,Pizzas,53 MINS,₹200 FOR TWO,50% off | Use WELCOME50
348,Everything Rice,4.1,Biryani,60 MINS,₹350 FOR TWO,50% off | Use WELCOME50
349,PUSHPAK COMBOZ,4.1,"Combo, Chinese, Indian, Snacks, Tandoor, North Indian, Chaat, Pastas, Pizzas",53 MINS,₹300 FOR TWO,60% off | Use TRYNEW
350,ANHAD MISAL,4.1,"Maharashtrian, Snacks",56 MINS,₹150 FOR TWO,50% off | Use WELCOME50
351,Cafe Sahar,4.1,"North Indian, Chinese, Mughlai, Desserts, Fast Food",50 MINS,₹300 FOR TWO,50% off | Use WELCOME50
352,Suraj Chinese,4.1,Chinese,52 MINS,₹300 FOR TWO,50% off | Use WELCOME50
353,"SHREENATH SWEETS, SNACKS AND FARSAN",4.1,"Desserts, Snacks, Sweets",55 MINS,₹150 FOR TWO,50% off | Use WELCOME50
354,Ching Asia,4.1,"Chinese, Thai",54 MINS,₹400 FOR TWO,50% off | Use WELCOME50
355,Hotel bharat,4.1,"South Indian, Snacks, Beverages",51 MINS,₹300 FOR TWO,50% off | Use WELCOME50
356,ROYAL SYMPHONY,4.1,"Indian, Chinese, Biryani, Rajasthani",61 MINS,₹400 FOR TWO,50% off | Use WELCOME50
357,Anna Punjabi Veg Restaurant,4.1,"South Indian, North Indian, Chinese, Biryani, Fast Food",52 MINS,₹300 FOR TWO,50% off | Use WELCOME50
358,Live bakers,4.1,Desserts,50 MINS,₹300 FOR TWO,50% off | Use WELCOME50
359,Gourmet Couch By ITC Maratha,4.1,"Indian, Chinese",66 MINS,₹3000 FOR TWO,50% off | Use WELCOME50
360,VADAPAV TREAT,4.1,"Snacks, North Indian",60 MINS,₹200 FOR TWO,50% off | Use WELCOME50
361,Cheftoon,4.1,"Chinese, North Indian",55 MINS,₹550 FOR TWO,50% off | Use WELCOME50
362,BEST BELGIAN WAFFLE,4.1,"Indian, Desserts, Ice Cream, Bakery",55 MINS,₹300 FOR TWO,50% off | Use WELCOME50
363,Chavan Vada Pav,4.1,"Snacks, Indian",50 MINS,₹100 FOR TWO,50% off | Use WELCOME50
364,Magic Pancakes,4.1,"Desserts, Beverages",52 MINS,₹250 FOR TWO,50% off | Use WELCOME50
365,The Biryani Kahani,4.1,"Biryani, Indian, Desserts",52 MINS,₹400 FOR TWO,50% off | Use WELCOME50
366,Wack Waffles & Brownies,4.1,"Waffle, Desserts, Bakery, Beverages",50 MINS,₹300 FOR TWO,50% off | Use WELCOME50
367,Hungry.Com,4.1,"North Indian, Chinese",49 MINS,₹350 FOR TWO,50% off | Use WELCOME50
368,Navya - The Regale by Tunga,4.1,"North Indian, Chinese, Thai, Continental",51 MINS,₹800 FOR TWO,50% off | Use WELCOME50
369,Nayaab Biryani,4.1,"Biryani, Mughlai",50 MINS,₹400 FOR TWO,50% off | Use WELCOME50
370,Mahesh Lunch Home,4.1,Indian,52 MINS,₹900 FOR TWO,50% off | Use WELCOME50
371,The Tiny Tub,4.1,"Desserts, Bakery, Sweets, Snacks",54 MINS,₹300 FOR TWO,50% off | Use WELCOME50
372,The Appetite Momos,4.1,"Tibetan, Snacks, Fast Food",46 MINS,₹200 FOR TWO,50% off | Use WELCOME50
373,Francesco's Pizzeria,4.1,Italian,45 MINS,₹700 FOR TWO,50% off | Use WELCOME50
374,Cafe Safar ( Andheri East ),4.1,"Chinese, North Indian, Biryani, Desserts",45 MINS,₹250 FOR TWO,50% off | Use WELCOME50
375,Shalimar,4.1,"Indian, Chinese",49 MINS,₹700 FOR TWO,50% off | Use WELCOME50
376,Huber & Holly,4.1,"Desserts, Ice Cream",47 MINS,₹200 FOR TWO,50% off | Use WELCOME50
377,Shokoufeh,4.1,Chinese,47 MINS,₹320 FOR TWO,50% off | Use WELCOME50
378,Paris Waffle Co.,4.1,"Bakery, Desserts",46 MINS,₹200 FOR TWO,50% off | Use WELCOME50
379,Chopssticks,4.1,"Indian, Chinese",47 MINS,₹600 FOR TWO,50% off | Use WELCOME50
380,Persian Darbar,4.1,"Indian, Chinese",47 MINS,₹1100 FOR TWO,50% off | Use WELCOME50
381,Pop Tate's,4.1,"Continental, Italian, European, Mexican",50 MINS,₹1600 FOR TWO,50% off | Use WELCOME50
382,Cafe Relish,4.1,"Continental, Italian, American, Salads",52 MINS,₹350 FOR TWO,50% off | Use WELCOME50
383,Social,4.1,"North Indian, Chinese, Fast Food, Biryani, Pizzas, Salads, Kebabs, Juices, Desse...",50 MINS,₹500 FOR TWO,50% off | Use WELCOME50
384,UDUPI DOSAKA,4.1,"South Indian, North Indian, Sweets, Beverages",69 MINS,₹200 FOR TWO,50% off | Use WELCOME50
385,Gourmet Couch By ITC Maratha,4.1,"Indian, Chinese",66 MINS,₹3000 FOR TWO,50% off | Use WELCOME50
386,East End Deli,4.1,"Desserts, Snacks, Fast Food, Beverages",63 MINS,₹300 FOR TWO,50% off | Use WELCOME50
387,LUCKY QUALITY FRANKIE,4.1,"Snacks, Fast Food, Jain",63 MINS,₹150 FOR TWO,50% off | Use WELCOME50
388,ROYAL SYMPHONY,4.1,"Indian, Chinese, Biryani, Rajasthani",61 MINS,₹400 FOR TWO,50% off | Use WELCOME50
389,Cafe Alvi,4.1,North Indian,61 MINS,₹500 FOR TWO,50% off | Use WELCOME50
390,VADAPAV TREAT,4.1,"Snacks, North Indian",60 MINS,₹200 FOR TWO,50% off | Use WELCOME50
391,Happy Grillmore,4.1,"Lebanese, Middle Eastern",60 MINS,₹240 FOR TWO,50% off | Use WELCOME50
392,Everything Rice,4.1,Biryani,60 MINS,₹350 FOR TWO,60% off | Use TRYNEW
393,House of Punjab,4.1,Indian,59 MINS,₹400 FOR TWO,50% off | Use WELCOME50
394,Biryani By Kilo,4.1,"Biryani, Mughlai, Kebabs, North Indian, Hyderabadi, Lucknowi, Andhra, South Indi...",58 MINS,₹700 FOR TWO,40% off | Use TRYNEW
395,Cafe Quba,4.1,"Chinese, Indian, North Indian",58 MINS,₹400 FOR TWO,50% off | Use WELCOME50
396,ANHAD MISAL,4.1,"Maharashtrian, Snacks",56 MINS,₹150 FOR TWO,50% off | Use WELCOME50
397,"SHREENATH SWEETS, SNACKS AND FARSAN",4.1,"Desserts, Snacks, Sweets",55 MINS,₹150 FOR TWO,50% off | Use WELCOME50
398,Cheftoon,4.1,"Chinese, North Indian",54 MINS,₹550 FOR TWO,50% off | Use WELCOME50
399,Ching Asia,4.1,"Chinese, Thai",54 MINS,₹400 FOR TWO,50% off | Use WELCOME50
400,Hungry Head,4.1,"Chinese, Italian",42 MINS,₹400 FOR TWO,50% off | Use WELCOME50
401,Domino's Pizza,4.1,Pizzas,30 MINS,₹400 FOR TWO,50% off | Use WELCOME50
402,Cake Walk 72,4.1,Desserts,47 MINS,₹300 FOR TWO,50% off | Use WELCOME50
403,Aamchi mumbai snacks,4.1,Snacks,41 MINS,₹200 FOR TWO,50% off | Use WELCOME50
404,BusaGo,4.1,"Asian, Thai, Chinese, Korean, Tibetan, Beverages, Desserts, Salads, Burmese, Pan...",42 MINS,₹650 FOR TWO,50% off | Use WELCOME50
405,Faasos - Wraps & Rolls,4.1,"Fast Food, Snacks, North Indian, Indian, Healthy Food, Desserts, Beverages",39 MINS,₹200 FOR TWO,50% off | Use WELCOME50
406,Oven Story Pizza,4.1,"Pizzas, Italian",45 MINS,₹400 FOR TWO,50% off | Use WELCOME50
407,Bakewills,4.1,"Continental, Bakery, Desserts",41 MINS,₹300 FOR TWO,50% off | Use WELCOME50
408,KFC,4.1,"American, Snacks, Biryani",47 MINS,₹400 FOR TWO,20% off | Use SWIGGYIT
409,Subway,4.1,"Salads, Snacks, Desserts, Beverages",40 MINS,₹350 FOR TWO,20% off | Use TRYNEW
410,Yo Konkan,4.1,"Malwani, North Indian",42 MINS,₹350 FOR TWO,50% off | Use WELCOME50
411,Cafe IDlish - Idli Dosa Relish,4.1,"South Indian, Chettinad, Healthy Food, Thalis, Indian, Jain, Desserts, Beverages...",41 MINS,₹300 FOR TWO,50% off | Use WELCOME50
412,K3 Snacks & Sweets,4.1,"Street Food, Chinese, Snacks, Desserts",36 MINS,₹400 FOR TWO,50% off | Use WELCOME50
413,Francesco's Pizzeria,4.1,Italian,45 MINS,₹700 FOR TWO,50% off | Use WELCOME50
414,Shaolin (Since 2001),4.1,"Indian, Chinese",36 MINS,₹500 FOR TWO,50% off | Use WELCOME50
415,Aromas Cafe & Bistro - Juhu,4.0,"Pizzas, Pastas, Italian, Salads, Middle Eastern, Continental, Desserts",71 MINS,₹1000 FOR TWO,50% off | Use WELCOME50
416,Nomad Pizza- Traveller Series,4.0,Italian,72 MINS,₹1000 FOR TWO,50% off | Use WELCOME50
417,Tandoor House,4.0,"North Indian, Tandoor",58 MINS,₹500 FOR TWO,50% off | Use WELCOME50
418,China Bite,4.0,"Chinese, Thai",56 MINS,₹400 FOR TWO,50% off | Use WELCOME50
419,Mitran Da Dhaba,4.0,"Mughlai, North Indian, Chinese",51 MINS,₹500 FOR TWO,50% off | Use WELCOME50
420,BIKANER SWEETS AND NAMKEEN,4.0,"Snacks, Fast Food, Gujarati, Beverages",58 MINS,₹300 FOR TWO,50% off | Use WELCOME50
421,Shifu Express,4.0,Indian,52 MINS,₹400 FOR TWO,50% off | Use WELCOME50
422,Paratha World  ( Pure Veg ),4.0,"North Indian, Street Food, Punjabi",56 MINS,₹150 FOR TWO,50% off | Use WELCOME50
423,Bigg Bite (Bhandup),4.0,"Indian, Chinese, Biryani, North Indian, Fast Food",59 MINS,₹250 FOR TWO,50% off | Use WELCOME50
424,Say Cheese,4.0,"Snacks, Italian, Chinese, Pizzas",54 MINS,₹250 FOR TWO,50% off | Use WELCOME50
425,Paa G Delhi chaap wale,4.0,"Fast Food, Chinese, North Indian",55 MINS,₹200 FOR TWO,50% off | Use WELCOME50
426,Panditji vada pav,4.0,"Snacks, Sweets",53 MINS,₹300 FOR TWO,50% off | Use WELCOME50
427,Shawarma Factory,4.0,"Biryani, Lebanese",51 MINS,₹400 FOR TWO,50% off | Use WELCOME50
428,OYE KAKE,4.0,North Indian,53 MINS,₹1000 FOR TWO,50% off | Use WELCOME50
429,Bombay Shawarma Doner Kebab,4.0,"Arabian, Street Food, Biryani, Beverages",52 MINS,₹300 FOR TWO,50% off | Use WELCOME50
430,Veg Sutra,4.0,"Indian, Chinese",49 MINS,₹400 FOR TWO,50% off | Use WELCOME50
431,the egg magic,4.0,"Snacks, Chinese, Combo, North Indian, Beverages, Biryani",57 MINS,₹350 FOR TWO,50% off | Use WELCOME50
432,Kailash Parbat,4.0,"North Indian, Snacks, Chaat, Beverages, Desserts",55 MINS,₹250 FOR TWO,50% off | Use WELCOME50
433,Jenny's Brownies,4.0,"Bakery, Desserts, Beverages",48 MINS,₹250 FOR TWO,50% off | Use WELCOME50
434,Minks - The Nagpur Saoji Treat,4.0,"Maharashtrian, Indian, Beverages",55 MINS,₹450 FOR TWO,50% off | Use WELCOME50
435,Juno's Pizza by EatFit,4.0,"Pizzas, Pastas, Jain, Beverages, Desserts, Fast Food",51 MINS,₹500 FOR TWO,50% off | Use WELCOME50
436,Nosh & Beyond,4.0,"Italian, Pizzas, Combo, Beverages, Desserts",53 MINS,₹1000 FOR TWO,50% off | Use WELCOME50
437,Sai Lazeez,4.0,"Chinese, Biryani, Indian, Tandoor, Mughlai, Malwani",46 MINS,₹250 FOR TWO,50% off | Use WELCOME50
438,Hamdan Restaurant,4.0,"North Indian, Chinese, Biryani, Desserts, Beverages",46 MINS,₹300 FOR TWO,50% off | Use WELCOME50
439,Royale Lebanese Wraps,4.0,Indian,58 MINS,₹360 FOR TWO,50% off | Use WELCOME50
440,Bangalore Iyengars Bakery,4.0,"Bakery, Snacks",49 MINS,₹200 FOR TWO,50% off | Use WELCOME50
441,Sai Restaurant,4.0,"Chinese, Tandoor, Indian, Biryani, Malwani, North Indian",46 MINS,₹300 FOR TWO,50% off | Use WELCOME50
442,Starboy Pizza & Shakes,4.0,"Pizzas, Italian, Desserts, Beverages, Snacks, Fast Food",57 MINS,₹300 FOR TWO,50% off | Use WELCOME50
443,Monster Pizza,4.0,"Pizzas, Italian, American, Snacks",61 MINS,₹500 FOR TWO,50% off | Use WELCOME50
444,Unicon Family Restaurant,4.0,"North Indian, Chinese, Mughlai, Biryani",51 MINS,₹550 FOR TWO,50% off | Use WELCOME50
445,Mandarin Oak- The Heavenly Chinese,4.0,"Chinese, Asian, Thai",61 MINS,₹350 FOR TWO,50% off | Use WELCOME50
446,SHIV SAGAR VEG KITCHEN,4.0,"Fast Food, Indian, Chinese, Thalis, Desserts, Beverages",44 MINS,₹150 FOR TWO,50% off | Use WELCOME50
447,The Combo Company,4.0,"Indian, Chinese",46 MINS,₹250 FOR TWO,50% off | Use WELCOME50
448,Ziyafat Biryani,4.0,"Biryani, North Indian",46 MINS,₹500 FOR TWO,50% off | Use WELCOME50
449,Gopi Kitchen,4.0,"South Indian, Indian, North Indian, Fast Food, Biryani, Thalis",47 MINS,₹400 FOR TWO,50% off | Use WELCOME50
450,Cuantos Kebabs & Rolls,4.0,"North Indian, Kebabs, Snacks",49 MINS,₹350 FOR TWO,50% off | Use WELCOME50
451,Green Cravings,4.0,"Healthy Food, Continental, Keto, Indian, Salads",46 MINS,₹250 FOR TWO,50% off | Use WELCOME50
452,Bake Ur Day,4.0,"Desserts, Bakery",42 MINS,₹300 FOR TWO,50% off | Use WELCOME50
453,The Sugar Free Keto Kafe - By Artinci,4.0,"Healthy Food, Snacks, Keto, Bakery, Desserts, Beverages, Ice Cream",38 MINS,₹200 FOR TWO,50% off | Use WELCOME50
454,Marrakesh,4.0,"Lebanese, Arabian",46 MINS,₹400 FOR TWO,50% off | Use WELCOME50
455,Copper Chimney,4.0,Indian,52 MINS,₹800 FOR TWO,60% off | Use STEALDEAL
456,Canteen Central by Eatfit,4.0,"Pizzas, American, Pastas, Fast Food, Snacks, Desserts, Beverages, North Indian, ...",44 MINS,₹300 FOR TWO,50% off | Use WELCOME50
457,Wendy's,4.0,"American, Burgers, Fast Food, Beverages, Snacks",49 MINS,₹400 FOR TWO,50% off | Use WELCOME50
458,Supreme Restaurant,4.0,"Lebanese, Turkish, Arabian, Fast Food, Healthy Food, Beverages",48 MINS,₹400 FOR TWO,50% off | Use WELCOME50
459,Shiv Sagar (Sakinaka),4.0,"North Indian, South Indian, Chinese, Juices, Snacks",49 MINS,₹200 FOR TWO,25% off | Use TRYNEW
460,Home Plate by EatFit,4.0,"North Indian, Home Food, Healthy Food, Indian, Punjabi, South Indian, Rajasthani...",42 MINS,₹160 FOR TWO,50% off | Use WELCOME50
461,The Dessert Heaven - Pure Veg,4.0,"Desserts, Bakery",50 MINS,₹200 FOR TWO,50% off | Use WELCOME50
462,KERALA Pothichoru,4.0,"South Indian, Indian",48 MINS,₹400 FOR TWO,50% off | Use WELCOME50
463,Bikkgane Biryani,4.0,"Biryani, Hyderabadi, Andhra, South Indian, North Indian, Mughlai, Kebabs",45 MINS,₹400 FOR TWO,50% off | Use WELCOME50
464,Chennai Express - The Food Wagon,4.0,South Indian,46 MINS,₹350 FOR TWO,50% off | Use WELCOME50
465,Zesty Kitchen,4.0,"Indian, Seafood, Mangalorean, Thalis, Biryani, North Indian, South Indian, Benga...",46 MINS,₹500 FOR TWO,50% off | Use WELCOME50
466,Forks and Spoons (Gourmet Chinese & Thai),4.0,"Chinese, Thai, Pan-Asian, Oriental, Beverages, Desserts",45 MINS,₹300 FOR TWO,50% off | Use WELCOME50
467,Sandwich Coffee House,4.0,"American, Beverages",44 MINS,₹350 FOR TWO,50% off | Use WELCOME50
468,Itminaan Biryani - Dum Pukht,4.0,"Biryani, North Indian, Mughlai",40 MINS,₹400 FOR TWO,50% off | Use WELCOME50
469,Little Italy,4.0,Italian,45 MINS,₹850 FOR TWO,50% off | Use WELCOME50
470,"SOY N SCHEZWAN ( Chinese ,Combos & more )",4.0,"Chinese, Pan-Asian, Thai",40 MINS,₹300 FOR TWO,50% off | Use WELCOME50
471,Udupi Tiffins,4.0,South Indian,48 MINS,₹400 FOR TWO,50% off | Use WELCOME50
472,Kolkata Rolls,4.0,"Bengali, Biryani",41 MINS,₹200 FOR TWO,50% off | Use WELCOME50
473,LunchBox - Meals and Thalis,4.0,"North Indian, Punjabi, Biryani, Healthy Food, Jain, Thalis, Indian, Mughlai, Des...",40 MINS,₹200 FOR TWO,50% off | Use GUILTFREE
474,Sweet Truth - Cake and Desserts,4.0,"Bakery, Desserts, Beverages",41 MINS,₹450 FOR TWO,50% off | Use WELCOME50
475,Via Calcutta,4.0,Chaat,40 MINS,₹400 FOR TWO,50% off | Use WELCOME50
476,Rolls Mania,4.0,Fast Food,36 MINS,₹200 FOR TWO,50% off | Use WELCOME50
477,The Greedyman Pizzeria,4.0,"Pizzas, Italian, Fast Food, Beverages",43 MINS,₹500 FOR TWO,50% off | Use WELCOME50
478,Malvani Touch,4.0,"Seafood, Malwani",37 MINS,₹500 FOR TWO,50% off | Use WELCOME50
479,Samosa Singh,4.0,"North Indian, Snacks, Desserts, Beverages, Street Food",48 MINS,₹150 FOR TWO,50% off | Use WELCOME50
